Feature,Mean_Abs_SHAP,Rank
Acc015_mm,0.2798924204872374,1
KF,0.07428107897733592,2
PropHM23,0.07090092848497162,3
dNBR/1000,0.047149803920803916,4
